file	ext	size	size_h	modified
results/m3/plots/demo_plot.png	png	  5.39K	5.39 KB	2025-08-21T12:17:20Z
results/integration/consensus_clustering/annotation/plots/cc_hallmark_top5_heatmap.png	png	 33.29K	33.29 KB	2025-08-20T11:09:55Z
results/integration/consensus_clustering/annotation/plots/cc_progeny_heatmap.png	png	 19.56K	19.56 KB	2025-08-20T11:19:25Z
results/integration/consensus_clustering/annotation/plots/cc_top_hallmark_bars.png	png	 37.51K	37.51 KB	2025-08-20T11:09:54Z
results/integration/consensus_clustering/classifier_cc/classifier_cc/plots/feature_importance_top25.png	png	171.58K	171.58 KB	2025-08-20T06:30:05Z
results/integration/consensus_clustering/classifier_cc/classifier_cc/plots/roc_curves/ROC_class_1.png	png	 10.7K	10.70 KB	2025-08-20T06:30:06Z
results/integration/consensus_clustering/classifier_cc/classifier_cc/plots/roc_curves/ROC_class_2.png	png	 10.54K	10.54 KB	2025-08-20T06:30:06Z
results/integration/consensus_clustering/classifier_cc/classifier_cc/plots/roc_curves/ROC_class_3.png	png	 10.54K	10.54 KB	2025-08-20T06:30:06Z
results/integration/consensus_clustering/classifier_cc/classifier_cc/plots/roc_curves/ROC_class_4.png	png	 10.51K	10.51 KB	2025-08-20T06:30:06Z
results/integration/consensus_clustering/classifier_cc/classifier_cc/plots/roc_curves/ROC_class_5.png	png	 10.56K	10.56 KB	2025-08-20T06:30:06Z
results/integration/consensus_clustering/classifier_cc/classifier_cc/plots/roc_curves/ROC_class_6.png	png	 10.55K	10.55 KB	2025-08-20T06:30:06Z
results/integration/consensus_clustering/classifier_cc/classifier_cc/plots/roc_curves/ROC_class_7.png	png	 10.49K	10.49 KB	2025-08-20T06:30:06Z
results/integration/consensus_clustering/classifier_cc/classifier_cc/plots/roc_curves/ROC_class_8.png	png	 10.54K	10.54 KB	2025-08-20T06:30:06Z
results/integration/consensus_clustering/classifier_cc/plots/confusion_matrix_CV.png	png	 17.41K	17.41 KB	2025-08-20T05:52:50Z
results/integration/consensus_clustering/classifier_tuned/plots/confusion_holdout_ENSEMBLE.png	png	 19.7K	19.70 KB	2025-08-20T06:52:11Z
results/integration/consensus_clustering/classifier_tuned/plots/confusion_holdout_RF.png	png	 19.42K	19.42 KB	2025-08-20T06:52:11Z
results/integration/consensus_clustering/classifier_tuned/plots/rf_oob_grid_heatmap.png	png	 59.95K	59.95 KB	2025-08-20T06:40:35Z
results/integration/consensus_clustering/consensus001.png	png	  3.05K	3.05 KB	2025-08-20T01:57:08Z
results/integration/consensus_clustering/consensus002.png	png	  3.77K	3.77 KB	2025-08-20T01:57:09Z
results/integration/consensus_clustering/consensus003.png	png	  3.89K	3.89 KB	2025-08-20T01:57:09Z
results/integration/consensus_clustering/consensus004.png	png	  4.85K	4.85 KB	2025-08-20T01:57:10Z
results/integration/consensus_clustering/consensus005.png	png	  4.1K	4.10 KB	2025-08-20T01:57:11Z
results/integration/consensus_clustering/consensus006.png	png	  4.32K	4.32 KB	2025-08-20T01:57:11Z
results/integration/consensus_clustering/consensus007.png	png	  4.19K	4.19 KB	2025-08-20T01:57:12Z
results/integration/consensus_clustering/consensus008.png	png	  4.6K	4.60 KB	2025-08-20T01:57:12Z
results/integration/consensus_clustering/consensus009.png	png	  5.07K	5.07 KB	2025-08-20T01:57:12Z
results/integration/consensus_clustering/consensus010.png	png	  4.25K	4.25 KB	2025-08-20T01:57:12Z
results/integration/consensus_clustering/consensus011.png	png	  3.1K	3.10 KB	2025-08-20T01:57:12Z
results/integration/consensus_clustering/consensus_matrix_K8.png	png	  8.8K	8.80 KB	2025-08-20T03:58:14Z
results/integration/consensus_clustering/feature_DE/enrichment_plots/GO_BP_CC2.png	png	 84.32K	84.32 KB	2025-08-20T05:04:34Z
results/integration/consensus_clustering/feature_DE/enrichment_plots/GO_BP_CC4.png	png	 84.31K	84.31 KB	2025-08-20T05:04:56Z
results/integration/consensus_clustering/feature_DE/enrichment_plots/KEGG_CC2.png	png	 37.97K	37.97 KB	2025-08-20T05:05:13Z
results/integration/consensus_clustering/feature_DE/enrichment_plots/KEGG_CC4.png	png	 37.95K	37.95 KB	2025-08-20T05:05:17Z
results/integration/consensus_clustering/feature_DE/enrichment_plots/MSIG_HALLMARK_CC2.png	png	 22.82K	22.82 KB	2025-08-20T05:06:38Z
results/integration/consensus_clustering/feature_DE/enrichment_plots/MSIG_HALLMARK_CC4.png	png	 22.8K	22.80 KB	2025-08-20T05:06:41Z
results/integration/consensus_clustering/feature_DE/enrichment_plots/MSIG_REACTOME_CC2.png	png	123.85K	123.85 KB	2025-08-20T05:06:39Z
results/integration/consensus_clustering/feature_DE/enrichment_plots/MSIG_REACTOME_CC4.png	png	123.83K	123.83 KB	2025-08-20T05:06:43Z
results/integration/consensus_clustering/feature_DE/enrichment_plots_genesOnly/TEST_plot.png	png	  4.35K	4.35 KB	2025-08-20T05:32:47Z
results/integration/consensus_clustering/feature_DE/plots/heatmap_top10_union_features.png	png	263.61K	263.61 KB	2025-08-20T04:51:14Z
results/integration/consensus_clustering/feature_DE/plots/volcano_CC1_vs_rest.png	png	 66.38K	66.38 KB	2025-08-20T04:48:30Z
results/integration/consensus_clustering/feature_DE/plots/volcano_CC2_vs_rest.png	png	 69.17K	69.17 KB	2025-08-20T04:48:32Z
results/integration/consensus_clustering/feature_DE/plots/volcano_CC3_vs_rest.png	png	 65.97K	65.97 KB	2025-08-20T04:48:33Z
results/integration/consensus_clustering/feature_DE/plots/volcano_CC4_vs_rest.png	png	 72.18K	72.18 KB	2025-08-20T04:48:35Z
results/integration/consensus_clustering/feature_DE/plots/volcano_CC5_vs_rest.png	png	 65.62K	65.62 KB	2025-08-20T04:48:37Z
results/integration/consensus_clustering/feature_DE/plots/volcano_CC6_vs_rest.png	png	 61.6K	61.60 KB	2025-08-20T04:48:39Z
results/integration/consensus_clustering/feature_DE/plots/volcano_CC7_vs_rest.png	png	 72K	72.00 KB	2025-08-20T04:48:40Z
results/integration/consensus_clustering/feature_DE/plots/volcano_CC8_vs_rest.png	png	 25K	25.00 KB	2025-08-20T04:48:42Z
results/integration/consensus_clustering/newcohort_predict/plots/calibration_curve.png	png	 56.38K	56.38 KB	2025-08-20T07:11:19Z
results/integration/consensus_clustering/newcohort_predict/plots/class_by_confidence_bands.png	png	 16.08K	16.08 KB	2025-08-20T07:49:11Z
results/integration/consensus_clustering/newcohort_predict/plots/class_counts_bar.png	png	 10.62K	10.62 KB	2025-08-20T08:15:06Z
results/integration/consensus_clustering/newcohort_predict/plots/confidence_by_class.png	png	 12.03K	12.03 KB	2025-08-20T08:15:05Z
results/integration/consensus_clustering/newcohort_predict/plots/confidence_histogram.png	png	  9.08K	9.08 KB	2025-08-20T08:15:04Z
results/integration/consensus_clustering/newcohort_predict/plots/mean_probability_heatmap.png	png	 43.54K	43.54 KB	2025-08-20T07:34:39Z
results/integration/consensus_clustering/newcohort_predict/plots/PCA_train_vs_new.png	png	 54.15K	54.15 KB	2025-08-20T07:59:36Z
results/integration/consensus_clustering/newcohort_predict/plots/probability_heatmap.png	png	 18.14K	18.14 KB	2025-08-20T08:15:06Z
results/integration/consensus_clustering/newcohort_predict/plots/UMAP_train_vs_new.png	png	 48.44K	48.44 KB	2025-08-20T08:06:51Z
results/integration/consensus_clustering/plots/alluvial_CC_vs_SNF.png	png	139.74K	139.74 KB	2025-08-20T04:10:22Z
results/integration/consensus_clustering/plots/cox_forest_by_CC.png	png	  0	0.00 B	2025-08-20T04:32:20Z
results/integration/consensus_clustering/plots/cox_forest_by_CC_STABLE.png	png	 37.43K	37.43 KB	2025-08-20T04:39:43Z
results/integration/consensus_clustering/plots/heatmap_cluster_top_features.png	png	172.8K	172.80 KB	2025-08-20T04:39:41Z
results/integration/consensus_clustering/plots/heatmap_top10_union_features.png	png	 43.57K	43.57 KB	2025-08-20T04:02:32Z
results/integration/consensus_clustering/plots/KM_by_CC.png	png	 36.62K	36.62 KB	2025-08-20T04:10:25Z
results/integration/consensus_clustering/plots/KM_by_CC_STABLE.png	png	 39.52K	39.52 KB	2025-08-20T04:31:43Z
results/integration/consensus_clustering/silhouette_K8.png	png	 14.09K	14.09 KB	2025-08-20T04:00:35Z
results/plots/Assoc_age_years_by_cluster.png	png	271K	271.00 KB	2025-08-17T08:27:40Z
results/plots/Counts_agegroup_by_cluster.png	png	 58.25K	58.25 KB	2025-08-16T13:27:41Z
results/plots/Forest_Cox_HR_SNF_clusters.png	png	 57.54K	57.54 KB	2025-08-17T07:57:13Z
results/plots/Forest_Cox_HR_SNF_clusters_ageAdjusted.png	png	 65.43K	65.43 KB	2025-08-17T07:57:14Z
results/plots/Forest_Cox_SNF_clusters.png	png	 71.88K	71.88 KB	2025-08-16T06:15:17Z
results/plots/Forest_Cox_SNF_clusters_ageAdjusted.png	png	 71.9K	71.90 KB	2025-08-16T06:43:58Z
results/plots/GO_BP_DOWN.png	png	135.71K	135.71 KB	2025-08-16T11:22:05Z
results/plots/go_bp_hyperdown.png	png	218.29K	218.29 KB	2025-08-14T14:06:34Z
results/plots/GO_BP_HyperDown_top15.png	png	137.25K	137.25 KB	2025-08-15T01:08:39Z
results/plots/go_bp_hypoup.png	png	216.64K	216.64 KB	2025-08-14T14:06:35Z
results/plots/GO_BP_HypoUp_top15.png	png	135.11K	135.11 KB	2025-08-15T01:08:40Z
results/plots/GO_HyperDown_top15.png	png	141.2K	141.20 KB	2025-08-15T05:43:48Z
results/plots/GO_HypoUp_top15.png	png	143.51K	143.51 KB	2025-08-15T05:43:49Z
results/plots/integration_expr_vs_meth.png	png	968.66K	968.66 KB	2025-08-15T03:01:02Z
results/plots/kegg_hyperdown.png	png	197.83K	197.83 KB	2025-08-14T14:06:36Z
results/plots/KEGG_HyperDown_top15.png	png	128.49K	128.49 KB	2025-08-15T05:43:49Z
results/plots/kegg_hypoup.png	png	211.59K	211.59 KB	2025-08-14T14:06:38Z
results/plots/KEGG_HypoUp_top15.png	png	130.27K	130.27 KB	2025-08-15T05:43:50Z
results/plots/KM_agegroup_cluster_mix.png	png	 59.14K	59.14 KB	2025-08-16T13:27:30Z
results/plots/KM_by_SNF_cluster.png	png	 78.37K	78.37 KB	2025-08-17T07:57:15Z
results/plots/KM_by_SNF_cluster_by_agegroup.png	png	  8.76K	8.76 KB	2025-08-17T07:57:15Z
results/plots/KM_by_SNF_cluster_by_agegroup_FIX.png	png	 11.53K	11.53 KB	2025-08-16T14:31:15Z
results/plots/KM_SNF_by_agegroup.png	png	 41.37K	41.37 KB	2025-08-16T13:21:54Z
results/plots/KM_SNF_clusters.png	png	 87.48K	87.48 KB	2025-08-16T13:12:34Z
results/plots/oncoplot_TNBC_top20.png	png	 36.54K	36.54 KB	2025-08-15T03:08:37Z
results/plots/reactome_hypoup.png	png	258.46K	258.46 KB	2025-08-14T14:06:39Z
results/plots/Reactome_HypoUp_top15.png	png	173.09K	173.09 KB	2025-08-15T05:43:50Z
results/plots/SNF_cluster_sizes.png	png	 42.38K	42.38 KB	2025-08-16T11:45:28Z
results/plots/SNF_tSNE.png	png	123.04K	123.04 KB	2025-08-16T11:45:29Z
results/plots/SNF_UMAP.png	png	227.93K	227.93 KB	2025-08-16T11:45:29Z
results/plots/TMB_hist_TNBC.png	png	 58.67K	58.67 KB	2025-08-15T06:14:18Z
results/plots/UMAP_KMEANS.png	png	216.95K	216.95 KB	2025-08-16T11:51:23Z
results/plots/UMAP_SNF_folded.png	png	222.98K	222.98 KB	2025-08-16T11:51:22Z
results/plots/venn_deg_dmp.png	png	 25K	25.00 KB	2025-08-14T14:00:23Z
results/plots/venn_DEG_HyperDown_HypoUp.png	png	 33.65K	33.65 KB	2025-08-15T01:08:36Z
results/plots/venn_overlap.png	png	  9K	9.00 KB	2025-08-15T05:43:46Z
results/plots/volcano_DESeq2_TNBC_vs_NonTNBC.png	png	574.4K	574.40 KB	2025-08-15T05:34:56Z
results/plots/volcano_expression.png	png	577.31K	577.31 KB	2025-08-15T05:43:27Z
results/plots/volcano_methylation.png	png	334.78K	334.78 KB	2025-08-15T05:43:46Z
results/plots/volcano_Methylation_TNBC_vs_NonTNBC.png	png	621.21K	621.21 KB	2025-08-15T05:35:12Z
results/plots/volcano_rnaseq.png	png	  1.01M	1.01 MB	2025-08-14T13:59:21Z
